name,address,phone
Shiva electrical and power tools,"îƒˆ
Shop no. 11 ward, no. 11, big ground, Indra Nagar, Ward Number 21, Mandideep, Bhopal, Madhya Pradesh 462046",
Bharat Power Hub,"îƒˆ
shop no 4, mangal market, Gali no 1, Sector A, Ward Number 21, Mandideep, Bhopal, Madhya Pradesh 462046","î‚°
078692 13951"
Laxmi Electricals,"îƒˆ
Station Rd, near Shakti Mandir, Mahaveer Nagar, Mandideep, Bhopal, Madhya Pradesh 462046","î‚°
081099 10496"
Paras Electrical Works,"îƒˆ
Plot No. 75, A - Sector, Industrial Area, Mandideep, Bhopal, Madhya Pradesh 462046","î‚°
078798 03661"
OM SAI ELECTRICAL & HARDWERE,"îƒˆ
Shop No-3, Dada Bhai Complex, Satlapur Chouraha, near Deepak Mart, New Satlapur, Mandideep, Satlapur, Bhopal, Madhya Pradesh 462046","î‚°
073892 18608"
Maheshwari electrical,"îƒˆ
Shaniwar market, Vidya Nagar, Mandideep, Bhopal, Madhya Pradesh 462046",
Sameer electricals,"îƒˆ
behind hotel bhoj, Vidya Nagar, Mandideep, Bhopal, Madhya Pradesh 462046","î‚°
099269 65463"
OLA ELECTRIC,"îƒˆ
Plot no. 52, Sector A, Industrial Area, Mandideep, Bhopal, Madhya Pradesh 462046","î‚°
088719 30774"
Raj Transformer & Electrical Equipment,"îƒˆ
49ASector-B, Mandideep, Bhopal, Madhya Pradesh 462046",
LJ Electronics And Electrical,"îƒˆ
Sheetal city, Front Of Nakshatra Garden, 2, Mandideep, Raisen, Madhya Pradesh 462046","î‚°
098270 96254"
Devika Electrical,"îƒˆ
Patel Nagar, Industrial Area, Mandideep, Bhopal, Madhya Pradesh 462046","î‚°
098263 98397"
Swaran Hardware And Electrical,"îƒˆ
3GW8+HW7, Sector B, Ward Number 11, Mandideep, Bhopal, Madhya Pradesh 462046","î‚°
079999 79512"
TRIPTI ELECTRICAL AND HARDWARE,"îƒˆ
Phase 3, Samardha MIG 77, Narmadapuram Rd, near water tank, Indus Towne, Srikrishnapuram, Bhopal, Madhya Pradesh 462046","î‚°
099817 80186"
Karan electricals,"îƒˆ
Vivek jagriti school road, behind Ganesh chowk, Vidya Nagar, Mandideep, Bhopal, Madhya Pradesh 462046",
Ashok Electrical Works,"îƒˆ
Bagli, Road, Misrod, Bhopal, Madhya Pradesh 462047","î‚°
098263 99245"
Vaishnavi security system & electrical,"îƒˆ
Shop no, 02, setha phoolchand nagar, nearby Saint Thomas School, Mahaveer Nagar, Mandideep, Bhopal, Madhya Pradesh 462046","î‚°
082695 38425"
Ravi Hardware & Electricals,"îƒˆ
4GMM+H8Q, Chiklod Road, Bangrasia, Bhopal, Madhya Pradesh 462045","î‚°
098267 77873"
Share lodha electrical,"îƒˆ
Vidya Nagar, Mandideep, Bhopal, Madhya Pradesh 462046",
SHRESHTH MP ONLINE AND ELECTRICALS,"îƒˆ
4G45+CQ3, Near, near Ganga hospital, Mandideep, Pipaliya Rani, Bhopal, Madhya Pradesh 462046","î‚°
062631 97677"
Krishna Electric Agency,"îƒˆ
Plot No. 121. Shop No. A-5, Parthivi Tower Krishna electric agency, Brij Vihar, ,Chandrika Society, Rohit Nagar, Bawadiya Kalan, Gulmohar Colony, Bhopal, Madhya Pradesh 462039","î‚°
098266 35777"
Just Electric,"îƒˆ
56, Ground Floor, Trilanga Main Rd, E8, Akashganga Colony, Shahpura, Bhopal, Madhya Pradesh 462039","î‚°
099936 00350"
Vaishnavi security system & electrical,"îƒˆ
Shop no, 02, setha phoolchand nagar, nearby Saint Thomas School, Mahaveer Nagar, Mandideep, Bhopal, Madhya Pradesh 462046","î‚°
082695 38425"
Mama Electricals And Hardware sanitaryware,"îƒˆ
Main Road, Patel Market, Misrod, Bhopal, Madhya Pradesh 462047","î‚°
099264 35454"
SHRESHTH MP ONLINE AND ELECTRICALS,"îƒˆ
4G45+CQ3, Near, near Ganga hospital, Mandideep, Pipaliya Rani, Bhopal, Madhya Pradesh 462046","î‚°
062631 97677"
Bhoomi Electricals,"îƒˆ
Shop No. 3, Plot No, C-9, C Sector Rd, Banjari, Danish Kunj, Kolar Rd, Bhopal, Madhya Pradesh 462042","î‚°
079745 72651"
Ravi Hardware & Electricals,"îƒˆ
4GMM+H8Q, Chiklod Road, Bangrasia, Bhopal, Madhya Pradesh 462045","î‚°
098267 77873"
Nirankari Electronics and Electricals -Inverter Battery |Solar Panel Battery |Car Battery Dealer in Kolar Road Bhopal,"îƒˆ
Nayapura Kolar Rd, near amrashri marriage garden, opp. Sagar Electricals, MP Nagar, Lalita Nagar, Kolar Rd, Bhopal, Madhya Pradesh 462042","î‚°
098265 32052"
shree balaji electrical & electronics,"îƒˆ
the frant of canara bank, Bangrasia, Bhopal, Madhya Pradesh 462045","î‚°
098937 45655"
Share lodha electrical,"îƒˆ
Vidya Nagar, Mandideep, Bhopal, Madhya Pradesh 462046",
Hiroshi Motors,"îƒˆ
11 Mile Tower, Narmadapuram Rd, Ratanpur Sadak, Bhopal, Madhya Pradesh 462047","î‚°
062681 47691"
Atharva Solar Energies,"îƒˆ
Sundaram Vihar Colony, P. No.- 148, Mandideep, Bhopal, Madhya Pradesh 462046","î‚°
088509 87143"
"Ather Electric Scooter Showroom in Kolar Road, Bhopal","îƒˆ
B/74, Kolar Rd, Sarvdharm, Sarvdharm Colony, Kolar Rd, Bhopal, Madhya Pradesh 462042","î‚°
074707 56520"
Jitendra Electrical,"îƒˆ
Ward No.04, Vidya Nagar, Mandideep, Bhopal, Madhya Pradesh 462046",
NIKSON (NATH AUTOMOTIVES) Electric Scooter&Bikes,"îƒˆ
Mandakini Square, Shop No 25, TRIPHORA TOWER, Kolar Rd, opp. Khadim's, near Agrawal Sarees, Bhopal, Madhya Pradesh 462042","î‚°
097706 59595"
Shiv Electrical,"îƒˆ
5F97+6HJ, Narmadapuram Rd, Misrod, Bhopal, Madhya Pradesh 462047",
Varsha (Electric vehicle)Automobiles,"îƒˆ
Chhan, Bhojpur Road,After IPER college Bangrasia, Madhya Pradesh 462047","î‚°
079993 43257"
Shyama Electrcals,"îƒˆ
164/B Kajlikheda, Kolar Rd, Kalapani, Madhya Pradesh 462040",
Sagar Electrics,"îƒˆ
5C98+5CM, Rajved Colony, Lalita Nagar, Kolar Rd, Bhopal, Madhya Pradesh 462042","î‚°
098272 30019"
Maheshwari electrical shop,"îƒˆ
Choukasy Complex, Chiklod Road, Gram Bangrasia, Bangrasia, Bhopal, Madhya Pradesh 462045",
Di Electric Industries,"îƒˆ
Industrial Area Bagroda, G14, Bhopal, Madhya Pradesh 462045",
Manisha Electricals And Hardware,"îƒˆ
Bangrasia, Bhopal, Madhya Pradesh 462045",
Bhopal Madhya pradesh,"îƒˆ
near BaLaJI tower, Ambedkar Nagar, Mahabali Nagar, Kolar Rd, Bhopal, Madhya Pradesh 462042","î‚°
078697 18121"
"Ola Electric Store - Kolar, Bhopal","îƒˆ
Royal Palace, Kolar Rd, Sarvdharm, Mandakini Colony, Kolar Rd, Gehun Kheda, Bhopal, Madhya Pradesh 462042",
ARTI Electronic and Electrical,"îƒˆ
Liberty Colony, Samardha Village, Mandideep, Bhopal, Madhya Pradesh 462046","î‚°
098933 81993"
Di Electric Industries,"îƒˆ
G-14, Industrial Area Bagroda, Bhopal, Madhya Pradesh 464993",
Krishnkant enterprises,"îƒˆ
17, chiklod road, near Tulsi warehouse, Mendua, Bhopal, Madhya Pradesh 462045","î‚°
072249 22980"
Vishal Hardware and Electrical,"îƒˆ
Gajju Pipaliya Rd, Mandideep, Bhopal, Pipliya Gajju, Madhya Pradesh 462046","î‚°
078986 46625"
ECSOL INFRATECH LLP,"îƒˆ
Sage milestone, Indus Towne, Ratanpur Sadak, Samardha Kaliyasot, Bhopal, Madhya Pradesh 462046","î‚°
091111 06070"
Cryptic Adventure Sports Pvt Ltd,"îƒˆ
Industrial Area Bagroda, F52, Bhopal, Madhya Pradesh 462045","î‚°
090745 31973"
Aman Hardware & Electrical,"îƒˆ
4,5, Narmadapuram Rd, near State Bank atm, Indus Towne, Ratanpur Sadak, Bhopal, Madhya Pradesh 462047","î‚°
097528 10472"
Maa Bhagwati Electric home Service provider,"îƒˆ
Krishna complex, A7, Kolar Rd, Bhopal, Madhya Pradesh 462042","î‚°
088188 43638"
Shri Sanwariya Paints & Hardware,"îƒˆ
462046, Vidya Nagar, Mandideep, Bhopal, Madhya Pradesh 462046","î‚°
073549 70779"
Sandeep Gupta Scrap,"îƒˆ
Eicher Company Ke Pass, NH 12, Mandideep, Bhopal, Madhya Pradesh 462046",
Electric Vehicles,"îƒˆ
227, Rohit Nagar Rd, Phase 2, Salaiya, Bhopal, Madhya Pradesh 462026",
Maa Bijasan Electrical,"îƒˆ
Shop No.1, Akbarpur Road, Naya Pura, Kolar Rd, Bhopal, Madhya Pradesh 462042","î‚°
079746 07975"
Greens electric vehicle,"îƒˆ
D 240, Danish Nagar, Bagmugaliya, Bhopal, Madhya Pradesh 462026","î‚°
084048 59679"
DAMINI ELECTRIC Atlantis Market katara hills bhopal,"îƒˆ
DAMINI electric Atlantis Market, Katara Hills, Bagmugaliya, Bhopal, Madhya Pradesh 462043",
Aashirvad Electricals,"îƒˆ
Sarakiyan main road, Ward no. 26, Mandideep Mandideep, Madhya Pradesh 464993","î‚°
088395 79134"
PYE SOLAR,"îƒˆ
89, Ishaan Grand Estate, Plot No, Narmadapuram Rd, Indus Towne, Ratanpur Sadak, Bhopal, Madhya Pradesh 462047","î‚°
098263 62636"
RAMA HARDWARE & ELECTRIC,"îƒˆ
shop no 20, near bank of baroda, Trilanga, Bhopal, Madhya Pradesh 462039","î‚°
095223 21214"
Mehrban auto electrical,"îƒˆ
Industrial Area, Mandideep, Jhalar Kalan, Madhya Pradesh 464993","î‚°
078282 73406"
Isha Electric,"îƒˆ
Shop No 06, Bima Kunj, Shirdipuram, Kolar Rd, Bhopal, Madhya Pradesh 462042","î‚°
096918 07184"
Revolt Showroom Bhopal | Electric Bikes In Madhya Pradesh,"îƒˆ
SHOP NUMBER 14,15,16 ULTIMATE ARCADE SALIMAR GARDEN KOLAR ROAD DAM, Bhopal, Madhya Pradesh 462042","î‚°
094065 85418"
Chetak Showroom Bhopal - Electric Scooter Experience Centre,"îƒˆ
Dynasty Apartments, E2/14, opp. Ranikamlapati Station, E-2, Arera Colony, Bhopal, Madhya Pradesh 462016","î‚°
091091 79955"
KHUSHI ELECTRICAL,"îƒˆ
Shop No-2,ward No-26, Infront Of Sawaliya Vihar Colony, Sadguru Nagar, Mandideep, Sarakiya, Madhya Pradesh 464993","î‚°
093402 37206"
Vasu electricals,"îƒˆ
Gokul Apartment, Lalghati Chowraha, Lalghati Square, Kollu Kheri, Lalghati, Bhopal, Madhya Pradesh 462001","î‚°
095895 82714"
SRIAAN Electric Vehicle,"îƒˆ
MIG-152, near Pipleshwar Mandir, Kotra Sultanabad, Bhopal, Madhya Pradesh 462003","î‚°
088785 75787"
ELECTRIC BIKES & SCOOTERS SERVICES BHOPAL (ASHIV SERVICES) ASHIV ENIGMA,"îƒˆ
Block H, Sh no 78, Sehkari Parisar, Kalpana Nagar, Main Rd, Raised Road, Bhopal, Madhya Pradesh 462022","î‚°
098272 43664"
Rahul Electric,"îƒˆ
Shop 1, Gram Banjari, Shirdipuram, Kolar Rd, Bhopal, Madhya Pradesh 462042","î‚°
074009 57876"
Nagar electronics and electricals,"îƒˆ
Ward No. 9, Police Colony, Narmadapuram Rd, Indra Nagar, Ward Number 11, Mandideep, Bhopal, Madhya Pradesh 462046",
Sahu Electricals,"îƒˆ
Ward No 05, Shaniwar Market, Vidya Nagar, Mandideep, Bhopal, Madhya Pradesh 462046",
One Electric Bhopal,"îƒˆ
189, Jinsi, Bhopal, Madhya Pradesh 462008","î‚°
072258 68616"
"OLA Electric Store - Electric Scooter Showroom in Govindpura, Bhopal","îƒˆ
Raisen Rd, Ward 44, Govindpura, Bhopal, Madhya Pradesh 462023","î‚°
080 3311 3311"
ITC Kabadi Scraper,"îƒˆ
Shop No. 1, New, Industrial Area, Mandideep, Khanpura, Bhopal, Madhya Pradesh 462046","î‚°
083599 35164"
Vishwakarma electric & power tools,"îƒˆ
big ground ke samne, Indra nagar ward number 11, A sector, Mandideep, Madhya Pradesh 462046",
Shrinath plastic Industries,"îƒˆ
Industrial Area, Mandideep, Bhopal, Madhya Pradesh 462046","î‚°
098937 81295"
Odysse Electric Bike Showroom - Fumotive Private limited,"îƒˆ
R-21, near Quantum Classes, SBI Colony, Zone-II, Maharana Pratap Nagar, Bhopal, Madhya Pradesh 462011","î‚°
088397 84655"
Shree Guru Electricals,"îƒˆ
Shop No, MIG- 220, near Jain Mandir, Patel Nagar, Ward Number 21, Mandideep, Bhopal, Madhya Pradesh 462046",
"The Associated Purifier Company, Brand Aqua Signature","îƒˆ
PLOT NO 35 NEW, Industrial Area, II, MANDIDEEP, Bhopal, Madhya Pradesh 462046","î‚°
094258 85995"
Shri guru kripa Hardware & Electric,"îƒˆ
4FCW+GJ, Indus Towne, Srikrishnapuram, Bhopal, Madhya Pradesh 462046",
Khushi Electrical Repairing Services,"îƒˆ
Ward No 2, Infront Of Shakti Mandir, Vidya Nagar, Mandideep, Bhopal, Madhya Pradesh 462046",
Pathan Electric,"îƒˆ
No Market, 10, Arera Colony, Bhopal, Madhya Pradesh 462016","î‚°
083473 91803"
Share lodha electrical Engineer Wark,"îƒˆ
203, Gajju Pipaliya Rd, Indra Nagar, Mandideep, Bhopal, Madhya Pradesh 462046",
Jenish Electrical,"îƒˆ
Shop No. 26, Indus Town, Narmadapuram Rd, near K Mart, Indus Towne, Ratanpur Sadak, Bhopal, Madhya Pradesh 462047","î‚°
095845 16876"
Raj Electricals,"îƒˆ
7C9H+X6P, Semra Railway Station Rd, Men Semra Kalan, Semra, Bhopal, Madhya Pradesh 462010","î‚°
093038 88210"
MPKAelectric ELECTRIC SCOOTY DEALER AND SERVICE PROVIDERS,"îƒˆ
Atlantis Arcade Shop F-11, Madhya Pradesh 462043","î‚°
084670 96760"
Rai Electric World,"îƒˆ
New Galla Mandi, 80 Feet Rd, near Shiv mandir, Nishat Pura Phase 2, Karond, Bhopal, Madhya Pradesh 462001","î‚°
087704 53743"
Malakar electricals,"îƒˆ
5FV5+R5H, Unnamed Road, Bagsewaniya, Bagh Swaniya, Bhopal, Madhya Pradesh 462043","î‚°
098278 11490"
"Mateswari Fuels, Petrol Pump","îƒˆ
4GMH+6FG, Bhojpur Rd, Bangrasia, Bhopal, Madhya Pradesh 462045","î‚°
094250 13059"
Sarkar Electric And Hardware Traders,"îƒˆ
R-76, Zone-II, Maharana Pratap Nagar, Bhopal, Madhya Pradesh 462011",
Shivay Hardware and electrical,"îƒˆ
4G93+F29, Samardha Village, Mandideep, Bhopal, Madhya Pradesh 462046",
KE Core Electric Private Limited,"îƒˆ
Plot No. 113A, 113B & 114, Sector A, Industrial Area, Mandideep, Madhya Pradesh 462046","î‚°
070206 02823"
Aakash Electrical,"îƒˆ
Bangrasia, Bhopal, Madhya Pradesh 464993","î‚°
096850 09455"
electric scooters bhopal,"îƒˆ
SJ MOTORS, near SAM GIRLS COLLEGE PRABHAT PETROL PUMP, Ashoka Garden, Bhopal, Madhya Pradesh 462023",
NEW UNJU ELECTRICAL WORKS,"îƒˆ
3GV9+3JJ, Omshanti Rd, Indra Nagar, Ward Number 21, Mandideep, Bhopal, Madhya Pradesh 462046",
Chouhan Electrical,"îƒˆ
Shop No. 08, Radhakrishnan Market, Govt Hospital, Narmadapuram Rd, Misrod, Bhopal, Madhya Pradesh 462047",
Fumotives PVT. LTD. - Best Electric Two Wheeler Dealers | Electric Bike Dealers | Electric Scooter in Bhopal,"îƒˆ
Shop no. 3, Galla Mandi Rd, near Pul Bogda Road, Jahangirabad, Bhopal, Madhya Pradesh 462008","î‚°
088397 84655"
Chandra vijay electric work,"îƒˆ
Shri Ram Complex, Misrod, Bhopal, Madhya Pradesh 462047",
OM SAI ELECTRICAL & MOTOR,"îƒˆ
Indra Nagar, Ward Number 11, Mandideep, Bhopal, Madhya Pradesh 462046",
Amp ARMOR Electric Solutions,"îƒˆ
D44, Narmadapuram Rd, Rajat Vihar Colony, Rajat Bihar Colony, Bagmugaliya, Bhopal, Madhya Pradesh 462026",
